filename,width,height,class,xmin,ymin,xmax,ymax
BAGGAGE_20200707_112723_73729_B.jpg,204,832,18,26,287,193,414
BAGGAGE_20200707_112723_73729_A.jpg,204,832,18,25,782,192,830
BAGGAGE_20200707_112957_73729_A.jpg,361,832,21,162,799,194,814
BAGGAGE_20200707_112957_73729_B.jpg,361,832,21,161,493,193,526
BAGGAGE_20200707_113136_73729_B.jpg,159,832,21,69,459,107,482
BAGGAGE_20200707_113201_73729_B.jpg,161,832,21,56,304,96,325
BAGGAGE_20200707_113237_73729_B.jpg,161,832,21,70,681,108,713
BAGGAGE_20200707_125800_73729_A.jpg,211,832,18,25,785,198,829
BAGGAGE_20200707_125800_73729_B.jpg,211,832,18,27,260,196,388
BAGGAGE_20200707_125803_73729_A.jpg,238,832,18,27,808,226,828
BAGGAGE_20200707_125803_73729_B.jpg,238,832,20,22,271,228,438
BAGGAGE_20200707_125808_73729_A.jpg,326,832,18,26,799,312,828
BAGGAGE_20200707_125808_73729_B.jpg,326,832,22,230,323,248,335
BAGGAGE_20200707_125811_73729_A.jpg,175,832,18,25,792,164,828
BAGGAGE_20200707_125811_73729_B.jpg,175,832,18,27,276,160,330
BAGGAGE_20200707_130231_73729_A.jpg,178,832,18,27,790,166,829
BAGGAGE_20200707_130231_73729_B.jpg,178,832,18,27,281,168,343
BAGGAGE_20200707_130233_73729_A.jpg,230,832,18,27,788,218,829
BAGGAGE_20200707_130233_73729_B.jpg,230,832,22,103,308,143,332
BAGGAGE_20200707_130237_73729_A.jpg,244,832,18,25,797,233,829
BAGGAGE_20200707_130237_73729_B.jpg,244,832,18,26,285,233,450
BAGGAGE_20200707_130240_73729_A.jpg,250,832,20,19,807,237,830
BAGGAGE_20200707_130240_73729_B.jpg,250,832,22,114,353,143,371
BAGGAGE_20200707_130245_73729_A.jpg,115,832,19,26,815,103,829
BAGGAGE_20200707_130245_73729_B.jpg,115,832,19,26,295,103,361
BAGGAGE_20200707_130311_73729_A.jpg,321,832,18,10,761,294,830
BAGGAGE_20200707_130311_73729_B.jpg,321,832,22,75,516,94,530
BAGGAGE_20200707_130313_73729_A.jpg,230,832,18,11,763,201,830
BAGGAGE_20200707_130313_73729_B.jpg,230,832,22,87,487,127,515
BAGGAGE_20200707_130316_73729_A.jpg,180,832,18,11,770,152,830
BAGGAGE_20200707_130316_73729_B.jpg,180,832,22,65,483,102,509
BAGGAGE_20200707_130318_73729_A.jpg,256,832,20,12,800,230,830
BAGGAGE_20200707_130318_73729_B.jpg,256,832,22,106,543,137,564
BAGGAGE_20200707_130321_73729_A.jpg,133,832,19,10,806,107,830
BAGGAGE_20200707_130321_73729_B.jpg,133,832,19,11,484,104,565
BAGGAGE_20200707_130343_73729_A.jpg,230,832,18,26,686,215,826
BAGGAGE_20200707_130343_73729_B.jpg,230,832,22,104,718,143,747
BAGGAGE_20200707_130345_73729_A.jpg,331,832,18,24,714,318,830
BAGGAGE_20200707_130345_73729_B.jpg,331,832,22,225,744,244,759
BAGGAGE_20200707_130347_73729_A.jpg,177,832,18,25,721,164,830
BAGGAGE_20200707_130347_73729_B.jpg,177,832,22,78,691,114,720
BAGGAGE_20200707_130349_73729_A.jpg,262,832,20,19,784,251,830
BAGGAGE_20200707_130349_73729_B.jpg,262,832,22,117,682,147,706
BAGGAGE_20200707_130354_73729_A.jpg,130,832,19,25,788,120,829
BAGGAGE_20200707_130354_73729_B.jpg,130,832,19,26,674,118,745
BAGGAGE_20200707_130426_73729_A.jpg,252,832,18,11,751,225,829
BAGGAGE_20200707_130426_73729_B.jpg,252,832,22,75,686,94,700
BAGGAGE_20200707_130505_73729_A.jpg,181,832,18,10,713,154,826
BAGGAGE_20200707_130505_73729_B.jpg,181,832,22,64,697,101,728
BAGGAGE_20200707_130506_73729_A.jpg,284,832,20,8,774,258,829
BAGGAGE_20200707_130506_73729_B.jpg,284,832,22,107,721,137,746
BAGGAGE_20200707_130508_73729_A.jpg,231,832,18,11,701,204,826
BAGGAGE_20200707_130508_73729_B.jpg,231,832,22,86,691,125,724
BAGGAGE_20200707_130513_73729_A.jpg,270,832,18,12,729,250,830
BAGGAGE_20200707_130513_73729_B.jpg,270,832,22,50,730,68,747
BAGGAGE_20200707_130515_73729_A.jpg,153,832,19,11,778,127,829
BAGGAGE_20200707_130515_73729_B.jpg,153,832,19,10,703,126,780
BAGGAGE_20200707_130549_73729_A.jpg,178,832,18,22,769,165,829
BAGGAGE_20200707_130549_73729_B.jpg,178,832,22,77,479,114,506
BAGGAGE_20200707_130552_73729_A.jpg,279,832,20,16,798,268,830
BAGGAGE_20200707_130552_73729_B.jpg,279,832,22,113,514,143,537
BAGGAGE_20200707_130557_73729_A.jpg,232,832,18,26,768,220,829
BAGGAGE_20200707_130557_73729_B.jpg,232,832,22,103,471,142,499
BAGGAGE_20200707_130600_73729_A.jpg,333,832,18,27,786,322,829
BAGGAGE_20200707_130600_73729_B.jpg,333,832,22,226,485,245,500
BAGGAGE_20200707_130603_73729_A.jpg,152,832,19,26,808,140,830
BAGGAGE_20200707_130603_73729_B.jpg,152,832,19,25,447,141,509
BAGGAGE_20200707_130649_73729_A.jpg,146,832,19,16,816,119,830
BAGGAGE_20200707_130649_73729_B.jpg,146,832,19,11,275,120,327
BAGGAGE_20200707_130650_73729_A.jpg,217,832,18,10,799,191,829
BAGGAGE_20200707_130650_73729_B.jpg,217,832,22,85,316,103,329
BAGGAGE_20200707_130653_73729_A.jpg,188,832,18,10,781,161,830
BAGGAGE_20200707_130653_73729_B.jpg,188,832,22,54,319,89,347
BAGGAGE_20200707_130656_73729_A.jpg,271,832,20,7,807,246,835
BAGGAGE_20200707_130656_73729_B.jpg,271,832,22,84,351,113,372
BAGGAGE_20200707_130659_73729_A.jpg,154,832,18,10,786,127,829
BAGGAGE_20200707_130659_73729_B.jpg,154,832,22,49,321,82,347
BAGGAGE_20200707_130742_73729_A.jpg,182,832,18,24,790,171,829
BAGGAGE_20200707_130742_73729_B.jpg,182,832,22,79,295,115,316
BAGGAGE_20200707_130745_73729_A.jpg,284,832,20,24,807,273,830
BAGGAGE_20200707_130745_73729_B.jpg,284,832,22,113,358,143,378
BAGGAGE_20200707_130748_73729_A.jpg,214,832,18,26,781,203,828
BAGGAGE_20200707_130748_73729_B.jpg,214,832,22,83,322,119,349
BAGGAGE_20200707_130751_73729_A.jpg,387,832,18,26,799,377,830
BAGGAGE_20200707_130751_73729_B.jpg,387,832,22,264,319,282,333
BAGGAGE_20200707_130756_73729_A.jpg,134,832,19,25,816,124,829
BAGGAGE_20200707_130756_73729_B.jpg,134,832,19,25,300,123,356
BAGGAGE_20200707_130906_73729_A.jpg,179,832,18,11,765,153,829
BAGGAGE_20200707_130906_73729_B.jpg,179,832,22,61,490,97,519
BAGGAGE_20200707_130908_73729_A.jpg,287,832,20,8,797,262,830
BAGGAGE_20200707_130908_73729_B.jpg,287,832,22,103,543,133,567
BAGGAGE_20200707_130911_73729_A.jpg,212,832,18,10,751,187,829
BAGGAGE_20200707_130911_73729_B.jpg,212,832,22,67,525,105,560
BAGGAGE_20200707_130914_73729_A.jpg,288,832,18,10,778,263,829
BAGGAGE_20200707_130914_73729_B.jpg,288,832,22,144,507,161,526
BAGGAGE_20200707_130919_73729_A.jpg,133,832,19,10,807,108,832
BAGGAGE_20200707_130919_73729_B.jpg,133,832,19,10,475,108,553
BAGGAGE_20200707_131000_73729_A.jpg,279,832,20,23,774,269,831
BAGGAGE_20200707_131000_73729_B.jpg,279,832,22,104,678,134,705
BAGGAGE_20200707_131003_73729_A.jpg,171,832,18,25,703,158,825
BAGGAGE_20200707_131003_73729_B.jpg,171,832,22,72,689,108,724
BAGGAGE_20200707_131006_73729_A.jpg,215,832,18,26,696,204,827
BAGGAGE_20200707_131006_73729_B.jpg,215,832,22,82,677,121,713
BAGGAGE_20200707_131010_73729_A.jpg,350,832,18,25,755,339,829
BAGGAGE_20200707_131010_73729_B.jpg,350,832,22,229,670,248,689
BAGGAGE_20200707_131046_73729_A.jpg,306,832,18,8,735,285,831
BAGGAGE_20200707_131046_73729_B.jpg,306,832,22,158,694,174,712
BAGGAGE_20200707_131049_73729_A.jpg,169,832,18,10,686,144,832
BAGGAGE_20200707_131049_73729_B.jpg,169,832,22,51,662,82,701
BAGGAGE_20200707_131051_73729_A.jpg,144,832,18,7,714,118,831
BAGGAGE_20200707_131051_73729_B.jpg,144,832,22,42,664,76,700
BAGGAGE_20200707_131053_73729_A.jpg,197,832,20,15,757,169,829
BAGGAGE_20200707_131053_73729_B.jpg,197,832,22,40,670,64,698
BAGGAGE_20200707_131114_73729_A.jpg,341,832,18,196,756,332,831
BAGGAGE_20200707_131114_73729_B.jpg,341,832,22,60,472,84,496
BAGGAGE_20200707_131117_73729_A.jpg,405,832,18,23,787,395,831
BAGGAGE_20200707_131117_73729_B.jpg,405,832,22,273,474,290,489
BAGGAGE_20200707_131120_73729_A.jpg,127,832,18,25,771,113,829
BAGGAGE_20200707_131120_73729_B.jpg,127,832,22,47,458,80,491
BAGGAGE_20200707_131153_73729_A.jpg,124,832,18,12,786,98,830
BAGGAGE_20200707_131153_73729_B.jpg,124,832,22,32,312,63,336
BAGGAGE_20200707_131155_73729_A.jpg,265,832,18,9,797,240,831
BAGGAGE_20200707_131155_73729_B.jpg,265,832,22,119,327,135,341
BAGGAGE_20200707_131159_73729_A.jpg,195,832,20,10,804,169,830
BAGGAGE_20200707_131159_73729_B.jpg,195,832,22,43,352,67,372
BAGGAGE_20200707_131202_73729_A.jpg,167,832,18,8,775,142,830
BAGGAGE_20200707_131202_73729_B.jpg,167,832,22,48,335,80,363
BAGGAGE_20200707_131238_73729_A.jpg,209,832,18,23,779,198,834
BAGGAGE_20200707_131238_73729_B.jpg,209,832,22,78,296,114,318
BAGGAGE_20200707_131239_73729_A.jpg,270,832,20,32,803,259,832
BAGGAGE_20200707_131239_73729_B.jpg,270,832,22,101,320,129,339
BAGGAGE_20200707_131242_73729_A.jpg,379,832,18,28,802,367,829
BAGGAGE_20200707_131242_73729_B.jpg,379,832,22,257,292,275,303
BAGGAGE_20200707_131245_73729_A.jpg,176,832,18,25,788,165,830
BAGGAGE_20200707_131245_73729_B.jpg,176,832,22,73,290,109,311
BAGGAGE_20200707_131315_73729_A.jpg,159,832,18,11,763,133,829
BAGGAGE_20200707_131315_73729_B.jpg,159,832,22,52,498,84,530
BAGGAGE_20200707_131317_73729_A.jpg,322,832,18,11,784,296,829
BAGGAGE_20200707_131317_73729_B.jpg,322,832,22,179,498,197,516
BAGGAGE_20200707_131320_73729_A.jpg,259,832,20,9,781,236,830
BAGGAGE_20200707_131320_73729_B.jpg,259,832,22,75,515,103,544
BAGGAGE_20200707_131323_73729_A.jpg,203,832,18,10,741,177,830
BAGGAGE_20200707_131323_73729_B.jpg,203,832,22,60,516,96,549
BAGGAGE_20200707_131342_73729_A.jpg,202,832,18,23,678,193,828
BAGGAGE_20200707_131342_73729_B.jpg,202,832,22,76,657,112,694
BAGGAGE_20200707_131345_73729_A.jpg,268,832,20,25,757,256,829
BAGGAGE_20200707_131345_73729_B.jpg,268,832,22,98,626,126,654
BAGGAGE_20200707_131349_73729_A.jpg,334,832,18,23,745,322,829
BAGGAGE_20200707_131349_73729_B.jpg,334,832,22,225,644,242,659
BAGGAGE_20200707_131352_73729_A.jpg,173,832,18,22,719,164,832
BAGGAGE_20200707_131352_73729_B.jpg,173,832,22,72,658,107,694
BAGGAGE_20200707_131432_73729_A.jpg,181,832,18,7,715,157,829
BAGGAGE_20200707_131432_73729_B.jpg,181,832,22,63,669,100,700
BAGGAGE_20200707_131434_73729_A.jpg,219,832,18,8,732,197,833
BAGGAGE_20200707_131434_73729_B.jpg,219,832,22,67,656,85,673
BAGGAGE_20200707_131437_73729_A.jpg,287,832,20,7,752,266,831
BAGGAGE_20200707_131437_73729_B.jpg,287,832,22,104,627,134,655
BAGGAGE_20200707_131440_73729_A.jpg,230,832,22,84,735,121,756
BAGGAGE_20200707_131440_73729_B.jpg,230,832,22,83,632,120,666
BAGGAGE_20200707_131506_73729_A.jpg,221,832,22,87,771,124,783
BAGGAGE_20200707_131506_73729_B.jpg,221,832,22,86,453,123,484
BAGGAGE_20200707_131512_73729_A.jpg,280,832,20,15,788,271,832
BAGGAGE_20200707_131512_73729_B.jpg,280,832,22,107,468,135,492
BAGGAGE_20200707_131518_73729_A.jpg,175,832,18,23,762,164,830
BAGGAGE_20200707_131518_73729_B.jpg,175,832,22,72,487,108,519
BAGGAGE_20200707_131525_73729_A.jpg,399,832,18,26,789,388,829
BAGGAGE_20200707_131525_73729_B.jpg,399,832,22,271,459,288,475
BAGGAGE_20200707_131553_73729_A.jpg,207,832,18,13,801,180,829
BAGGAGE_20200707_131553_73729_B.jpg,207,832,22,76,308,94,321
BAGGAGE_20200707_131556_73729_A.jpg,167,832,18,13,788,140,828
BAGGAGE_20200707_131556_73729_B.jpg,167,832,22,55,307,88,329
BAGGAGE_20200707_131558_73729_A.jpg,274,832,20,19,803,253,829
BAGGAGE_20200707_131558_73729_B.jpg,274,832,22,92,342,120,361
BAGGAGE_20200707_131600_73729_A.jpg,210,832,18,10,776,182,829
BAGGAGE_20200707_131600_73729_B.jpg,210,832,22,65,331,101,356
BAGGAGE_20200707_131621_73729_A.jpg,228,832,18,23,780,218,830
BAGGAGE_20200707_131621_73729_B.jpg,228,832,22,100,301,140,319
BAGGAGE_20200707_131625_73729_A.jpg,256,832,20,24,802,247,831
BAGGAGE_20200707_131625_73729_B.jpg,256,832,22,120,313,151,328
BAGGAGE_20200707_131629_73729_A.jpg,178,832,18,25,790,164,829
BAGGAGE_20200707_131629_73729_B.jpg,178,832,22,75,306,114,324
BAGGAGE_20200707_131641_73729_A.jpg,190,832,18,21,780,179,830
BAGGAGE_20200707_131641_73729_B.jpg,190,832,22,98,315,118,326
BAGGAGE_20200707_131709_73729_A.jpg,324,832,18,12,780,299,831
BAGGAGE_20200707_131709_73729_B.jpg,324,832,22,79,498,98,513
BAGGAGE_20200707_131713_73729_A.jpg,177,832,18,13,764,150,828
BAGGAGE_20200707_131713_73729_B.jpg,177,832,22,61,506,100,532
BAGGAGE_20200707_131715_73729_A.jpg,260,832,20,12,789,229,830
BAGGAGE_20200707_131715_73729_B.jpg,260,832,22,108,499,138,520
BAGGAGE_20200707_131718_73729_A.jpg,230,832,18,13,752,202,829
BAGGAGE_20200707_131718_73729_B.jpg,230,832,22,86,496,126,523
BAGGAGE_20200707_131736_73729_A.jpg,231,832,22,102,718,142,740
BAGGAGE_20200707_131736_73729_B.jpg,231,832,22,102,670,142,699
BAGGAGE_20200707_131740_73729_A.jpg,178,832,18,27,697,163,830
BAGGAGE_20200707_131740_73729_B.jpg,178,832,22,77,714,114,743
BAGGAGE_20200707_131743_73729_A.jpg,229,832,18,24,730,216,828
BAGGAGE_20200707_131743_73729_B.jpg,229,832,22,139,673,157,689
BAGGAGE_20200707_131746_73729_A.jpg,259,832,20,24,756,246,829
BAGGAGE_20200707_131746_73729_B.jpg,259,832,22,120,658,150,682
BAGGAGE_20200707_131831_73729_A.jpg,285,832,20,14,748,261,830
BAGGAGE_20200707_131831_73729_B.jpg,285,832,22,137,643,165,671
BAGGAGE_20200707_131834_73729_A.jpg,343,832,18,12,739,317,830
BAGGAGE_20200707_131834_73729_B.jpg,343,832,22,87,654,106,671
BAGGAGE_20200707_131837_73729_A.jpg,184,832,18,12,717,158,829
BAGGAGE_20200707_131837_73729_B.jpg,184,832,22,66,674,102,705
BAGGAGE_20200707_131840_73729_A.jpg,225,832,22,97,723,135,746
BAGGAGE_20200707_131840_73729_B.jpg,225,832,22,96,658,132,694
BAGGAGE_20200707_131901_73729_A.jpg,227,832,18,25,756,214,829
BAGGAGE_20200707_131901_73729_B.jpg,227,832,22,108,462,146,491
BAGGAGE_20200707_131905_73729_A.jpg,176,832,18,26,769,165,829
BAGGAGE_20200707_131905_73729_B.jpg,176,832,22,78,460,116,489
BAGGAGE_20200707_131908_73729_A.jpg,285,832,20,23,787,278,831
BAGGAGE_20200707_131908_73729_B.jpg,285,832,22,158,470,188,493
BAGGAGE_20200707_131913_73729_A.jpg,193,832,18,24,782,184,830
BAGGAGE_20200707_131913_73729_B.jpg,193,832,22,111,447,129,462
BAGGAGE_20200707_131932_73729_A.jpg,269,832,18,11,786,241,829
BAGGAGE_20200707_131932_73729_B.jpg,269,832,22,93,328,112,340
BAGGAGE_20200707_131936_73729_A.jpg,249,832,20,10,802,232,830
BAGGAGE_20200707_131936_73729_B.jpg,249,832,22,141,333,167,353
BAGGAGE_20200707_131939_73729_A.jpg,159,832,18,10,788,132,830
BAGGAGE_20200707_131939_73729_B.jpg,159,832,22,59,313,92,338
BAGGAGE_20200707_131941_73729_A.jpg,203,832,18,10,778,177,828
BAGGAGE_20200707_131941_73729_B.jpg,203,832,22,89,314,125,338
BAGGAGE_20200707_132014_73729_A.jpg,230,832,18,25,784,215,828
BAGGAGE_20200707_132014_73729_B.jpg,230,832,22,107,281,145,301
BAGGAGE_20200707_132018_73729_A.jpg,182,832,18,23,790,169,830
BAGGAGE_20200707_132018_73729_B.jpg,182,832,22,81,297,119,316
BAGGAGE_20200707_132021_73729_A.jpg,281,832,20,22,799,276,831
BAGGAGE_20200707_132021_73729_B.jpg,281,832,22,147,321,176,338
BAGGAGE_20200707_132026_73729_A.jpg,263,832,18,24,797,248,829
BAGGAGE_20200707_132026_73729_B.jpg,263,832,22,184,324,203,337
BAGGAGE_20200707_132103_73729_A.jpg,549,832,20,316,794,533,828
BAGGAGE_20200707_132103_73729_B.jpg,549,832,22,108,436,125,450
BAGGAGE_20200707_132108_73729_A.jpg,156,832,18,10,776,129,830
BAGGAGE_20200707_132108_73729_B.jpg,156,832,22,58,431,91,460
BAGGAGE_20200707_132110_73729_A.jpg,188,832,18,10,761,162,830
BAGGAGE_20200707_132110_73729_B.jpg,188,832,22,83,429,118,461
BAGGAGE_20200707_132129_73729_A.jpg,192,832,18,25,680,179,829
BAGGAGE_20200707_132129_73729_B.jpg,192,832,22,99,658,135,695
BAGGAGE_20200707_132131_73729_A.jpg,152,832,18,24,723,139,828
BAGGAGE_20200707_132131_73729_B.jpg,152,832,22,71,656,103,692
BAGGAGE_20200707_132135_73729_A.jpg,214,832,18,27,732,200,830
BAGGAGE_20200707_132135_73729_B.jpg,214,832,22,125,679,143,697
BAGGAGE_20200707_132140_73729_A.jpg,257,832,20,26,753,245,830
BAGGAGE_20200707_132140_73729_B.jpg,257,832,22,155,635,183,662
BAGGAGE_20200707_132215_73729_A.jpg,196,832,20,12,750,171,829
BAGGAGE_20200707_132215_73729_B.jpg,196,832,22,114,672,137,700
BAGGAGE_20200707_132218_73729_A.jpg,400,832,18,12,738,376,829
BAGGAGE_20200707_132218_73729_B.jpg,400,832,22,114,670,130,688
BAGGAGE_20200707_132222_73729_A.jpg,125,832,18,12,720,97,829
BAGGAGE_20200707_132222_73729_B.jpg,125,832,22,47,651,76,688
BAGGAGE_20200707_132224_73729_A.jpg,168,832,18,12,694,141,829
BAGGAGE_20200707_132224_73729_B.jpg,168,832,22,71,646,103,683
BAGGAGE_20200707_132246_73729_A.jpg,168,832,18,24,755,153,829
BAGGAGE_20200707_132246_73729_B.jpg,168,832,22,86,468,117,499
BAGGAGE_20200707_132250_73729_A.jpg,127,832,18,25,770,111,830
BAGGAGE_20200707_132250_73729_B.jpg,127,832,22,62,474,91,506
BAGGAGE_20200707_132254_73729_A.jpg,227,832,18,25,783,215,830
BAGGAGE_20200707_132254_73729_B.jpg,227,832,22,129,484,144,500
BAGGAGE_20200707_132258_73729_A.jpg,199,832,20,25,791,187,828
BAGGAGE_20200707_132258_73729_B.jpg,199,832,22,128,495,153,521
BAGGAGE_20200707_132317_73729_A.jpg,199,832,20,11,803,171,828
BAGGAGE_20200707_132317_73729_B.jpg,199,832,22,114,353,137,374
BAGGAGE_20200707_132319_73729_A.jpg,429,832,18,11,795,404,829
BAGGAGE_20200707_132319_73729_B.jpg,429,832,22,114,374,130,389
BAGGAGE_20200707_132324_73729_A.jpg,123,832,18,12,786,95,827
BAGGAGE_20200707_132324_73729_B.jpg,123,832,22,47,325,76,351
BAGGAGE_20200707_132326_73729_A.jpg,168,832,18,11,778,138,828
BAGGAGE_20200707_132326_73729_B.jpg,168,832,22,71,332,102,359
BAGGAGE_20200707_132351_73729_A.jpg,194,832,18,23,782,179,829
BAGGAGE_20200707_132351_73729_B.jpg,194,832,22,101,319,137,346
BAGGAGE_20200707_132354_73729_A.jpg,152,832,18,24,789,138,829
BAGGAGE_20200707_132354_73729_B.jpg,152,832,22,71,302,103,326
BAGGAGE_20200707_132358_73729_A.jpg,243,832,20,24,804,231,829
BAGGAGE_20200707_132358_73729_B.jpg,243,832,22,145,346,171,366
BAGGAGE_20200707_132405_73729_A.jpg,213,832,18,25,799,202,829
BAGGAGE_20200707_132405_73729_B.jpg,213,832,22,150,321,168,333
BAGGAGE_20200707_132423_73729_A.jpg,354,832,18,12,782,328,828
BAGGAGE_20200707_132423_73729_B.jpg,354,832,22,111,504,128,521
BAGGAGE_20200707_132426_73729_A.jpg,259,832,20,9,793,232,829
BAGGAGE_20200707_132426_73729_B.jpg,259,832,22,140,506,167,531
BAGGAGE_20200707_132429_73729_A.jpg,161,832,18,10,763,134,828
BAGGAGE_20200707_132429_73729_B.jpg,161,832,22,61,516,95,549
BAGGAGE_20200707_132432_73729_A.jpg,188,832,18,10,750,159,828
BAGGAGE_20200707_132432_73729_B.jpg,188,832,22,83,507,118,541
BAGGAGE_20200707_132452_73729_A.jpg,192,832,18,25,684,177,829
BAGGAGE_20200707_132452_73729_B.jpg,192,832,22,102,681,136,719
BAGGAGE_20200707_132455_73729_A.jpg,163,832,18,24,707,149,829
BAGGAGE_20200707_132455_73729_B.jpg,163,832,22,77,686,110,720
BAGGAGE_20200707_132458_73729_A.jpg,258,832,18,28,738,243,829
BAGGAGE_20200707_132458_73729_B.jpg,258,832,22,126,686,143,704
BAGGAGE_20200707_132503_73729_A.jpg,261,832,20,21,766,248,829
BAGGAGE_20200707_132503_73729_B.jpg,261,832,22,154,673,181,701
BAGGAGE_20200707_132527_73729_A.jpg,283,832,20,10,778,261,831
BAGGAGE_20200707_132527_73729_B.jpg,283,832,22,134,697,164,722
BAGGAGE_20200707_132534_73729_A.jpg,375,832,18,14,735,349,829
BAGGAGE_20200707_132534_73729_B.jpg,375,832,22,102,714,119,731
BAGGAGE_20200707_132537_73729_A.jpg,178,832,18,9,705,151,829
BAGGAGE_20200707_132537_73729_B.jpg,178,832,22,66,703,102,737
BAGGAGE_20200707_132540_73729_A.jpg,224,832,18,10,684,196,831
BAGGAGE_20200707_132540_73729_B.jpg,224,832,22,94,697,133,732
BAGGAGE_20200707_132600_73729_A.jpg,222,832,18,24,760,211,828
BAGGAGE_20200707_132600_73729_B.jpg,222,832,22,111,494,149,526
BAGGAGE_20200707_132604_73729_A.jpg,177,832,18,24,765,169,827
BAGGAGE_20200707_132604_73729_B.jpg,177,832,22,81,491,116,522
BAGGAGE_20200707_132607_73729_A.jpg,287,832,20,23,799,275,829
BAGGAGE_20200707_132607_73729_B.jpg,287,832,22,153,512,181,535
BAGGAGE_20200707_132612_73729_A.jpg,267,832,18,27,782,256,829
BAGGAGE_20200707_132612_73729_B.jpg,267,832,22,110,492,129,508
BAGGAGE_20200707_132635_73729_A.jpg,576,832,18,12,796,324,829
BAGGAGE_20200707_132635_73729_B.jpg,576,832,22,90,335,109,347
BAGGAGE_20200707_132639_73729_A.jpg,181,832,18,10,789,160,827
BAGGAGE_20200707_132639_73729_B.jpg,181,832,22,67,305,103,329
BAGGAGE_20200707_132642_73729_A.jpg,227,832,18,10,784,199,829
BAGGAGE_20200707_132642_73729_B.jpg,227,832,22,96,312,133,337
BAGGAGE_20200707_133140_73729_A.jpg,232,832,18,22,785,220,829
BAGGAGE_20200707_133140_73729_B.jpg,232,832,21,102,311,128,327
BAGGAGE_20200707_133145_73729_A.jpg,147,832,18,24,781,135,828
BAGGAGE_20200707_133145_73729_B.jpg,147,832,18,24,264,136,341
BAGGAGE_20200707_133150_73729_A.jpg,235,832,18,25,773,223,830
BAGGAGE_20200707_133150_73729_B.jpg,235,832,22,165,325,186,339
BAGGAGE_20200707_133155_73729_A.jpg,367,832,12,27,746,358,830
BAGGAGE_20200707_133155_73729_B.jpg,367,832,21,127,376,164,397
BAGGAGE_20200707_133443_73729_A.jpg,251,832,18,23,787,240,830
BAGGAGE_20200707_133443_73729_B.jpg,251,832,21,100,315,127,330
BAGGAGE_20200707_133448_73729_A.jpg,166,832,18,25,783,154,829
BAGGAGE_20200707_133448_73729_B.jpg,166,832,21,87,295,116,311
BAGGAGE_20200707_133452_73729_A.jpg,235,832,12,26,776,225,830
BAGGAGE_20200707_133452_73729_B.jpg,235,832,21,166,329,188,344
BAGGAGE_20200707_133456_73729_A.jpg,365,832,12,25,742,356,830
BAGGAGE_20200707_133456_73729_B.jpg,365,832,21,122,372,160,396
BAGGAGE_20200707_133510_73729_A.jpg,339,832,12,13,784,330,830
BAGGAGE_20200707_133510_73729_B.jpg,339,832,21,233,368,258,383
BAGGAGE_20200707_133533_73729_A.jpg,338,832,12,9,768,321,830
BAGGAGE_20200707_133533_73729_B.jpg,338,832,21,225,511,250,529
BAGGAGE_20200707_133537_73729_A.jpg,363,832,12,9,721,339,828
BAGGAGE_20200707_133537_73729_B.jpg,363,832,21,110,512,147,537
BAGGAGE_20200707_133540_73729_A.jpg,233,832,12,11,751,207,829
BAGGAGE_20200707_133540_73729_B.jpg,233,832,21,149,513,170,529
BAGGAGE_20200707_133543_73729_A.jpg,302,832,18,9,753,276,830
BAGGAGE_20200707_133543_73729_B.jpg,302,832,21,53,497,83,519
BAGGAGE_20200707_133546_73729_A.jpg,443,832,18,10,764,428,829
BAGGAGE_20200707_133546_73729_B.jpg,443,832,21,85,516,113,537
BAGGAGE_20200707_133606_73729_A.jpg,311,832,18,24,729,298,828
BAGGAGE_20200707_133606_73729_B.jpg,311,832,21,104,673,132,695
BAGGAGE_20200707_133612_73729_A.jpg,176,832,18,23,690,165,830
BAGGAGE_20200707_133612_73729_B.jpg,176,832,21,68,706,97,729
BAGGAGE_20200707_133618_73729_A.jpg,364,832,12,26,464,356,829
BAGGAGE_20200707_133618_73729_B.jpg,364,832,21,124,665,161,692
BAGGAGE_20200707_133625_73729_A.jpg,351,832,21,276,787,290,803
BAGGAGE_20200707_133625_73729_B.jpg,351,832,21,242,714,267,734
BAGGAGE_20200707_133631_73729_A.jpg,237,832,12,25,687,226,827
BAGGAGE_20200707_133631_73729_B.jpg,237,832,21,167,735,189,751
BAGGAGE_20200707_133703_73729_A.jpg,234,832,12,11,692,209,829
BAGGAGE_20200707_133703_73729_B.jpg,234,832,21,145,721,166,739
BAGGAGE_20200707_133706_73729_A.jpg,344,832,21,217,721,243,738
BAGGAGE_20200707_133706_73729_B.jpg,344,832,21,216,725,242,747
BAGGAGE_20200707_133710_73729_A.jpg,375,832,12,10,585,349,829
BAGGAGE_20200707_133710_73729_B.jpg,375,832,21,117,678,156,708
BAGGAGE_20200707_133716_73729_A.jpg,305,832,18,6,696,299,828
BAGGAGE_20200707_133716_73729_B.jpg,305,832,21,93,674,123,702
BAGGAGE_20200707_133721_73729_A.jpg,269,832,18,13,734,246,828
BAGGAGE_20200707_133721_73729_B.jpg,269,832,21,122,662,151,686
BAGGAGE_20200707_133743_73729_A.jpg,446,832,18,18,767,438,829
BAGGAGE_20200707_133743_73729_B.jpg,446,832,21,313,483,342,506
BAGGAGE_20200707_133748_73729_A.jpg,320,832,18,14,760,309,828
BAGGAGE_20200707_133748_73729_B.jpg,320,832,21,230,453,260,477
BAGGAGE_20200707_133753_73729_B.jpg,229,832,21,155,538,182,559
BAGGAGE_20200707_133759_73729_A.jpg,240,832,12,24,752,229,829
BAGGAGE_20200707_133759_73729_B.jpg,240,832,21,150,498,173,516
BAGGAGE_20200707_133804_73729_A.jpg,379,832,12,24,721,368,833
BAGGAGE_20200707_133804_73729_B.jpg,379,832,21,133,497,173,523
BAGGAGE_20200707_133825_73729_B.jpg,258,832,21,166,397,192,413
BAGGAGE_20200707_133828_73729_A.jpg,239,832,12,11,768,216,829
BAGGAGE_20200707_133828_73729_B.jpg,239,832,21,136,376,158,391
BAGGAGE_20200707_133830_73729_A.jpg,380,832,18,9,742,354,828
BAGGAGE_20200707_133830_73729_B.jpg,380,832,21,117,388,157,412
BAGGAGE_20200707_133835_73729_A.jpg,227,832,18,9,772,201,829
BAGGAGE_20200707_133835_73729_B.jpg,227,832,21,53,356,84,376
BAGGAGE_20200707_133839_73729_A.jpg,379,832,18,8,781,360,828
BAGGAGE_20200707_133839_73729_B.jpg,379,832,21,91,364,120,383
BAGGAGE_20200707_133901_73729_A.jpg,295,832,18,24,782,281,828
BAGGAGE_20200707_133901_73729_B.jpg,295,832,21,159,321,186,341
BAGGAGE_20200707_133905_73729_A.jpg,237,832,18,26,770,226,830
BAGGAGE_20200707_133905_73729_B.jpg,237,832,21,129,352,153,369
BAGGAGE_20200707_133911_73729_B.jpg,165,832,21,50,416,75,437
BAGGAGE_20200707_133917_73729_A.jpg,343,832,18,11,778,333,829
BAGGAGE_20200707_133917_73729_B.jpg,343,832,21,248,300,275,319
BAGGAGE_20200707_133923_73729_A.jpg,409,832,12,26,736,398,829
BAGGAGE_20200707_133923_73729_B.jpg,409,832,21,151,380,189,407
BAGGAGE_20200707_133947_73729_A.jpg,394,832,18,9,695,374,829
BAGGAGE_20200707_133947_73729_B.jpg,394,832,21,135,498,170,532
BAGGAGE_20200707_133950_73729_A.jpg,351,832,12,7,724,331,829
BAGGAGE_20200707_133950_73729_B.jpg,351,832,21,187,572,211,596
BAGGAGE_20200707_133958_73729_A.jpg,224,832,18,9,754,225,829
BAGGAGE_20200707_133958_73729_B.jpg,224,832,21,59,473,84,499
BAGGAGE_20200707_134001_73729_A.jpg,252,832,18,1,744,227,831
BAGGAGE_20200707_134001_73729_B.jpg,252,832,21,125,531,146,551
BAGGAGE_20200707_134005_73729_A.jpg,301,832,18,5,763,282,828
BAGGAGE_20200707_134005_73729_B.jpg,301,832,21,156,464,182,490
BAGGAGE_20200707_134025_73729_A.jpg,424,832,18,16,724,413,830
BAGGAGE_20200707_134025_73729_B.jpg,424,832,21,290,627,316,656
BAGGAGE_20200707_134031_73729_A.jpg,225,832,12,24,680,214,827
BAGGAGE_20200707_134031_73729_B.jpg,225,832,21,110,724,132,747
BAGGAGE_20200707_134036_73729_A.jpg,349,832,18,35,679,338,830
BAGGAGE_20200707_134036_73729_B.jpg,349,832,21,257,701,281,731
BAGGAGE_20200707_134040_73729_A.jpg,415,832,12,23,675,403,830
BAGGAGE_20200707_134040_73729_B.jpg,415,832,21,159,581,196,613
BAGGAGE_20200707_134048_73729_A.jpg,255,832,21,166,742,192,757
BAGGAGE_20200707_134048_73729_B.jpg,255,832,21,166,680,190,704
BAGGAGE_20200707_134103_73729_A.jpg,343,832,12,10,654,329,830
BAGGAGE_20200707_134103_73729_B.jpg,343,832,21,176,706,197,730
BAGGAGE_20200707_134107_73729_A.jpg,436,832,12,10,603,411,830
BAGGAGE_20200707_134107_73729_B.jpg,436,832,21,230,590,259,623
BAGGAGE_20200707_134112_73729_A.jpg,210,832,18,11,694,185,829
BAGGAGE_20200707_134112_73729_B.jpg,210,832,21,115,673,138,701
BAGGAGE_20200707_134115_73729_A.jpg,172,832,12,11,669,147,830
BAGGAGE_20200707_134115_73729_B.jpg,172,832,21,37,714,55,735
BAGGAGE_20200707_134118_73729_A.jpg,379,832,18,9,684,354,830
BAGGAGE_20200707_134118_73729_B.jpg,379,832,21,261,670,282,696
BAGGAGE_20200707_134138_73729_A.jpg,376,832,18,1,751,365,829
BAGGAGE_20200707_134138_73729_B.jpg,376,832,21,272,482,293,505
BAGGAGE_20200707_134142_73729_A.jpg,245,832,18,17,755,233,829
BAGGAGE_20200707_134142_73729_B.jpg,245,832,21,164,481,187,506
BAGGAGE_20200707_134146_73729_A.jpg,347,832,12,0,692,336,830
BAGGAGE_20200707_134146_73729_B.jpg,347,832,21,162,445,191,476
BAGGAGE_20200707_134153_73729_A.jpg,219,832,12,-4,720,210,833
BAGGAGE_20200707_134153_73729_B.jpg,219,832,21,40,521,61,543
BAGGAGE_20200707_134200_73729_A.jpg,173,832,21,48,769,67,786
BAGGAGE_20200707_134200_73729_B.jpg,173,832,21,49,508,66,528
BAGGAGE_20200707_134219_73729_A.jpg,172,832,21,33,784,51,797
BAGGAGE_20200707_134219_73729_B.jpg,172,832,21,33,373,51,390
BAGGAGE_20200707_134223_73729_A.jpg,208,832,12,1,741,190,829
BAGGAGE_20200707_134223_73729_B.jpg,208,832,21,38,406,58,424
BAGGAGE_20200707_134226_73729_A.jpg,276,832,12,0,719,251,831
BAGGAGE_20200707_134226_73729_B.jpg,276,832,21,78,359,106,384
BAGGAGE_20200707_134231_73729_A.jpg,229,832,18,10,774,202,829
BAGGAGE_20200707_134231_73729_B.jpg,229,832,21,133,333,155,353
BAGGAGE_20200707_134235_73729_A.jpg,272,832,18,9,773,247,828
BAGGAGE_20200707_134235_73729_B.jpg,272,832,21,155,361,175,380
